age_group	mean_prev	group
25 to 29	0.1198354149	Low
30 to 34	0.1478490868	Low
35 to 39	0.1750576206	Medium
40 to 44	0.1947254167	Medium
45 to 49	0.1989868928	Medium
50 to 54	0.2045157514	Medium
55 to 59	0.209810224	High
60 to 64	0.2181728452	High
65 to 69	0.2061157345	Medium
70 to 74	0.1954865219	Medium
75 to 79	0.1786905122	Medium
80 to 84	0.150088629	Medium
85 to 89	0.1558262172	Medium
90 to 94	0.1680344348	Medium
95 plus	0.1719485712	Medium
